sequence,is_cpp,cell_line
AAKFIKKRRTKSS,True,HeLa cells
AAKLLPDLLAAP,True,HEK293 cells
AAVALLPAVLLALLAP,True,other
AAVLLPVLLAAP,True,HEK293 cells
ACRGSGRGCGRGSGRCG,True,HeLa cells
ACRRSRRGCGRRSRRCG,True,HeLa cells
ACSGRGRGCGRGRGSCG,True,HeLa cells
ACSGSGSGCGSGSGSCG,True,HeLa cells
AEADKPRRLGRLK,True,HeLa cells
AEKVDPVKLNLTLSAAAEALTGLGDK,True,HeLa cells
AEQNPIYWARYADWLFTTPLLLLDLALLVDADEGTCG,True,MCF7 cells
AETVESCLAKPHTENK,True,HeLa cells
AGYLLGKINLKALAALAKKIL,True,other
AHLHNRS,True,other
AIAKAXKIA,True,HeLa cells
ALFVKLMGTPLDNAKWTLCPVLRGMWKY,True,other
APKRKKLKKRF,True,other
AQIKIWFQNRRMKWKK,True,HaCaT cells
BRRRRRR,True,HeLa cells
BRRRRRRR,True,HeLa cells
BRRRRRRRR,True,HeLa cells
BRRXRRXRRX,True,HeLa cells
BRRXRRXRRX,True,HeLa cells
BXRXRXXRXRXXRXRX,True,HeLa cells
BRRXRRXRRX,True,HeLa cells
CAAVALLPAVLLAHLLAP,True,other
CASGQQGLLKLC,True,U87 cells
CDAATATRGRSAASRPTERPRAPARSASRPRRPVD,True,other
CGNARTA,True,MDA-MB-231 cells
CGNKRTR,True,MDA-MB-231 cells
CGPKKKRKVGYGRKKRRQRRR,True,other
CGRKKRAARQRAARAARPPQ,True,other
CGRKKRAARQRRRPPQ,True,CHO cells
CGRKKRLLRQRLLRLLRPPQ,True,other
CGRKKRLLRQRRRPPQ,True,other
CGRKKRRQRAARRPPQ,True,other
CGRKKRRQRLLRRPPQ,True,other
CGRKKRRQRRAARPPQ,True,CHO cells
CGRKKRRQRRLLRPPQ,True,other
CGRKKRRQRRRPPQ,True,CHO cells
CGRKKRRQRRWWRPPQ,True,CHO cells
CGRKKRWWRQRRRPPQ,True,CHO cells
CGRRMKWKKXXXXGGGGEEEERRRR,True,MCF7 cells
CGRRRRRRRRRRRRRRRR,True,CHO-K1 cells
CHHHHHRRRRRRRRRHHHHHC,True,A549 cells
CHHRRRRHHC,True,other
CKRRMKWKK,True,other
CKYGRKKRRQRRR,True,HeLa cells
CLGTYTQDFNKFHTFPQTAIGVGAP,True,other
CLLYWFRRRHRHHRRRHRRC,True,CHO-K1 cells
CPFWRRRRCKRDSDCPGACICRGNGYCGSGCDEETGECGV,True,HeLa cells
CPKILKKCRRDSDCPGACICRGNGYCGSGSDEETGEGGV,True,HeLa cells
CPKKKRKVEDPGGRKKRRQRRRPQ,True,other
CPKKKRKVEDPGGRKKRRQRRRPQGREDV,True,other
CPMLKE,True,other
CREKA,True,U87 cells
CREKAPLGLAGRKKRRQRRRC,True,U87 cells
CRFRWKCCKK,True,NIH-3T3 cells
CRGDK,True,HEK293 cells
CRGDKGDPC,True,CHO cells
CRGDKGPDC,True,other
CRGDRGPDC,True,MDA-MB-231 cells
CRQIKIWFQNRRMKWKK,True,other
CRRLRHLRHHYRRRWHRFRC,True,CHO-K1 cells
CRRRRRRRRVKRKKKP,True,other
CRRWQWRMKKLGC,True,A549 cells
CRWRFKCCKK,True,NIH-3T3 cells
CRWRWKCCKK,True,NIH-3T3 cells
CRWRWKCGCKK,True,NIH-3T3 cells
CRWRWKCSKK,True,NIH-3T3 cells
CRWRWKCXKK,True,NIH-3T3 cells
CRWRWKXCKK,True,NIH-3T3 cells
CRWRWKXXKK,True,NIH-3T3 cells
CRWRWKCCKK,True,NIH-3T3 cells
CRWRWKCCKK,True,NIH-3T3 cells
CRWRWKCCKK,True,NIH-3T3 cells
CTWLKY,True,U87 cells
CTWLKYH,True,U87 cells
CVTVLALGALAGVGVG,True,other
CWRWRWRWRK,True,other
CWRWRWRWRWRC,True,other
CYGRKKRRQRRR,True,other
CRWRWKCCKK,True,NIH-3T3 cells
CRWRWKCCKK,True,NIH-3T3 cells
DAATARGRGRSAASRPTERPRAPARSASRPRRPVD,True,other
DCRWRWKCCKK,True,NIH-3T3 cells
DCRWRWKCXKK,True,NIH-3T3 cells
DCRWRWKXCKK,True,NIH-3T3 cells
DCRWRWKXXKK,True,NIH-3T3 cells
DSLKSYWYLQKFSWR,True,other
ECYPKKGQDP,True,U87 cells
EEEAAGRKRKKRT,True,other
EEEEEEEEPLGLAGRRRRRRRRN,True,A549 cells
ELYENKPRRPYIL,True,other
FFAARTMIWYPGAWYKRI,True,MDA-MB-231 cells
FFGRRRRRRRGC,True,HeLa cells
FFLIPKGRRRRRRRRGC,True,other
FFLIPKGRRRRRRRRR,True,A549 cells
FIDIIIKILLIGSTSRDHVLHEYVNAAGIT,True,HeLa cells
FIDLKRKIWLIK,True,HeLa cells
FKCRRWQWRMKK,True,A549 cells
FKKLKKLFSKLWNWKCRGDKGPDC,True,A549 cells
FLLIRRVLGSTSRDHMVLHEYVNAAGIT,True,HeLa cells
FQNRRMKWKK,True,HaCaT cells
FRRRRQ,True,other
FSDMESSSVPNBBRNCG,True,other
GACTKSIPPICFPD,True,HeLa cells
GCGGGYGRKKRRQRRR,True,other
GCRRLCYKQRCVTYCRGR,True,HeLa cells
GECTYAGRKRRRPLQK,True,HeLa cells
GFAWNVCVYRNGVRVCHRRAN,True,other
GGGGRRFFRRFRR,True,CHO-K1 cells
GGGGRRFFRRWRR,True,CHO-K1 cells
GGGGRRFWRRFRR,True,CHO-K1 cells
GGGGRRFWRRWRR,True,CHO-K1 cells
GGGGRRRRRRRR,True,HeLa cells
GGGGRRWFRRFRR,True,CHO-K1 cells
GGGGRRWFRRWRR,True,CHO-K1 cells
GGGGRRWWRRWRR,True,CHO-K1 cells
GGLIKTKRKRKKQRVKIAYEEIFVKNM,True,other
GGRR,True,HeLa cells
GGRRARRRRRR,True,HEK293 cells
GGRRRR,True,HeLa cells
GGVCPKILKKCRRDSDCPGACICRGNGWCGSGSD,True,HeLa cells
GGVCPKILKKCRRDSDCPGACICRGNGYCGSGSD,True,HeLa cells
GGVCPKILRRCRRDSDCPGACICRGNGWCGSGSD,True,HeLa cells
GGVCPKILRRCRRDSDCPGACICRGNGYCGSGSD,True,HeLa cells
GGVCPKILRRCRRDSDCPGACICRGNGYCGSGSR,True,HeLa cells
GGVCPRILRRCRRDSDCPGACICRGNGYCGSGSK,True,HeLa cells
GIGAVLKVLTTGLPALISWIKRKRQ,True,other
GIGKFLHSAKKWGKAFVGQIMNC,True,HeLa cells
GKKKKRKREKL,True,MCF7 cells
GKPILFF,True,MCF7 cells
GLFEAIEGFIENGWEGMIDGWYGGGGRRRRRRRRRK,True,other
GLFHALLHLLHSLWHLLLHA,True,other
GLRKRLRKFRNKIKEK,True,HeLa cells
GLRKRLRKFRNKIKEKGLRKRLRKFRNKIKEK,True,HEK293 cells
GNGEQREMAVSRLRDCLDRQA,True,HeLa cells
GPLGIAGQYGRKKRRQRRRC,True,A549 cells
GPLGIAGQRRRRRRRRR,True,MCF7 cells
GPXGPXGPXGPRGPRGPRGPXGPXGPXGP,True,HeLa cells
GRCTKSIPPICFPA,True,HeLa cells
GRCTKSIPPICFPD,True,HeLa cells
GRCTKSIPPICWPD,True,HeLa cells
GRCTKSIPPICWPK,True,HeLa cells
GRCTRSIPPKCWPD,True,HeLa cells
GRGDGPRRKKKKGPRRKKKKGPRR,True,HeLa cells
GRGDSPRR,True,HeLa cells
GRGDSPRRKKKKSPRRKKKKSPRR,True,HeLa cells
GRKAARAPGRRKQ,True,other
GRKKRRQRRK,True,other
GRKKRRQRRR,True,HeLa cells
GRKKRRQRRRMVSAL,True,HEK293 cells
GRKKRRQRRRPPQ,True,HeLa cells
GRKKRRQRRRPPQGYG,True,other
GRKKRRQRRRPPQRKC,True,HEK293 cells
GRKKRRQRRRPPQTYADFIASGRTGRRNAI,True,A549 cells
GRRRR,True,CHO-K1 cells
GRRRRRRRR,True,CHO-K1 cells
GRRRRRRRRR,True,HeLa cells
GRRRRRRRRRRRR,True,CHO-K1 cells
GRRRRRRRRRRRRRRRR,True,CHO-K1 cells
GRRXRRXRRX,True,HeLa cells
GRXTKSIPPIXFPD,True,HeLa cells
GSGCPRILMRCKQDSDCLAGCVCGPNGFCGGNS,True,HeLa cells
GSVSRRRRRRGGRRRR,True,other
GTKMIFVGIKKKEERADLIAYLKKA,True,other
GWTLNSAGYLLGKINLKALAALAKKIL,True,CHO cells
GWWYKGRARPVSAVAK,True,HeLa cells
HATKSQNINF,True,U87 cells
HEHEHEHEHEHEHEHEEFGGGGGYGRRRRRRGGGGGG,True,HeLa cells
HEHEHEHEHEHEHEHEHEHEEFGGGGGYGRGRGRGRGRGRG,True,HeLa cells
HEHEHEHEHEHEHEHEHEHEEFGGGGGYGRRRRRRGGGGGG,True,HeLa cells
HEHEHEHEHEHEHEHEHEHEHEHEEFGGGGGYGRGRGRGRGRGRG,True,HeLa cells
HEHEHEHEHEHEHEHEHEHEHEHEEFGGGGGYGRKKRRQRRR,True,HeLa cells
HEHEHEHEHEHEHEHEHEHEHEHEEFGGGGGYGRRRRRRGGGGGG,True,HeLa cells
HGLASTLTRWAHYNALIRAFKGGGC,True,HeLa cells
HHHHHHHH,True,other
HHHHHHHHHHHH,True,other
HHHHHHHHHHHHHHHH,True,other
HHHHHHHHHHHHHHHHHHHHRRRRRRRRRRRRRRR,True,CHO-K1 cells
HHHHHHHHHHHHRRRRRRRRRRRRRRR,True,CHO-K1 cells
HHHHHHHHRRRRRRRR,True,CHO-K1 cells
HHHHHHHHRRRRRRRRRRRRRRR,True,CHO-K1 cells
HHHRRRRRRRR,True,MCF7 cells
HSDAVFTDNYTALRKQMAVKKYLNSILNYGRKKRRQRRR,True,other
ICSSHYEPTVRIGGR,True,HeLa cells
IFLLWQ,True,A549 cells
IILIIGSTSRDHVLHEYVNAAGIT,True,HeLa cells
IKIWFQNRRMKWKK,True,HaCaT cells
INLKALAALAKKIL,True,other
IPLVVPLC,True,other
IPLVVPLRRRRRRRRC,True,MCF7 cells
IPMIK,True,other
IWFQNRRMKWKK,True,HaCaT cells
IWLTALKFLGKHAAKHEAKQQLSKL,True,HeLa cells
IWRYSLASQQ,True,U87 cells
KAALLKAALLKAALLKAALLK,True,A549 cells
KALAALLKKLAKLLAALK,True,other
KALAALLKKWAKLLAALK,True,other
KALAKALAKLWKALAKAA,True,other
KALGISYGRKK,True,MCF7 cells
KALKKLLAKWLAAAKALL,True,other
KALSEVQGWKQRMAAKELAR,True,HEK293 cells
KARKKKLNKKGRKMAGRKRGRPKK,True,MCF7 cells
KCCKWRWRCK,True,NIH-3T3 cells
KCFQWQRNMRKVRGPPVSCIKR,True,other
KCGCRWRWKCGCKK,True,NIH-3T3 cells
KCRWRWKCCKK,True,NIH-3T3 cells
KCXLKLXCKXLKACLKLXG,True,A549 cells
KCXLKLXLKXLKACLKLXG,True,A549 cells
KDCRWRWKCCKK,True,NIH-3T3 cells
KETWWETWWTEWSQPKKKRKV,True,other
KETWWETWWTEWSQPKKKRKVC,True,HeLa cells
KGKKIFIMK,True,other
KIIIIDGSTSRDHVLHEYVNAAGIT,True,HeLa cells
KIWFQNRRMKWKK,True,HaCaT cells
KKAAPAKKAAAKKAPAKKAAAKK,True,other
KKKKKKKKK,True,CHO cells
KKLFKKILKKL,True,MCF7 cells
KKWKMRRNQFWIKIQR,True,other
KKWWWWKK,True,MCF7 cells
KKYRGRKRHPR,True,other
KLAAALLKKWKKLAAALL,True,other
KLALKALKALKAALKLA,True,HeLa cells
KLALKALKKLKADLKLA,True,HEK293 cells
KLALKLALKALKAALK,True,other
KLALKLALKALKAALKLA,True,other
KLALKLALKALKAALKLAGC,True,A549 cells
KLALKLALKAWKAALKLA,True,other
KLALQLALQALQAALQLA,True,other
KLKLALALALAVQRKRQKLMPC,True,U87 cells
KLLLLKLLLLKLLLLKLLLLK,True,A549 cells
KLPVM,True,other
KLSSIESDV,True,other
KLULKLULKULKAULKLUGC,True,A549 cells
KLWMRWYSATTRRYG,True,CHO cells
KLWMRWYSPWTRRYG,True,CHO cells
KLXLKLXCKXLKACLKLXG,True,A549 cells
KLXLKLXLKXLKACLKLXG,True,A549 cells
KLXLKLXLKXLKAXLKLXGC,True,A549 cells
KMDCRPRPKCXKK,True,NIH-3T3 cells
KMDCRPRPKXCKK,True,NIH-3T3 cells
KMDCRWRWKCCKK,True,NIH-3T3 cells
KMDCRWRWKCKK,True,NIH-3T3 cells
KMDCRWRWKCSKK,True,NIH-3T3 cells
KMDCRWRWKKK,True,NIH-3T3 cells
KMDCRWRWKSCKK,True,NIH-3T3 cells
KMDSRWRWKCSKK,True,NIH-3T3 cells
KMDXRPRPKCCKK,True,NIH-3T3 cells
KMDXRPRPKCXKK,True,NIH-3T3 cells
KMDXRPRPKXCKK,True,NIH-3T3 cells
KMDXRWRWKCCKK,True,NIH-3T3 cells
KMDXRWRWKCXKK,True,NIH-3T3 cells
KMDXRWRWKXCKK,True,NIH-3T3 cells
KMDXRWRWKXXKK,True,NIH-3T3 cells
KPKRKRRKKKGHGWSR,True,other
KQPRIKRKK,True,other
KQRFIRGLRKRLRKFRNKIKEK,True,HeLa cells
KQRMAAKELAR,True,HEK293 cells
KRKGRLRSKGKK,True,HeLa cells
KRKIFLRCKILV,True,HeLa cells
KRKLRRLLRRLKRL,True,HeLa cells
KRKRWHW,True,other
KRPTMRFRYTWNPMK,True,A549 cells
KRVSRNKSEKKRR,True,other
KRWRWKCCKK,True,NIH-3T3 cells
KSTGKANKITITNDKGRLSK,True,other
KVRVRVRVDPPTRVRERVKC,True,other
KWCFRVCSRGSCYRRCRG,True,other
KWCFRVCYRGICYRRCRG,True,other
KWCSRVCYRGICSRRCRG,True,other
KWKWKWKW,True,MCF7 cells
KWRRKLKKLR,True,HeLa cells
KWRRKLKKLRPKKKRKV,True,HeLa cells
KYRSGAITIGY,True,other
KRKFICL,True,MDA-MB-231 cells
KRKFICLGRADPAYQARFL,True,HeLa cells
KRKIFCL,True,MDA-MB-231 cells
KRRRGGKKRRD,True,MCF7 cells
KRRRGGKKRRDLTFKEYWDQLTSAA,True,MCF7 cells
KRRRRRRRRRRE,True,MCF7 cells
KRRRRRRRRRRELTFKEYWDQLTSAA,True,MCF7 cells
LGTYTQDFNKFHTFPQTAIGVGAP,True,other
LIKKALAALAKLNI,True,other
LILIGRRRRRRRRGC,True,HeLa cells
LIRLWSHLIHIWFQNRRLKWKKK,True,other
LKKLCKLLKKLCKLAG,True,HeLa cells
LKKLLKLLKKLLKLAG,True,HeLa cells
LKKRRKLPKKKPIRNEQ,True,other
LKPSFSPRNY,True,HEK293 cells
LKRAIWLIKGSTSRDHMVLHEYVNAAGIT,True,HeLa cells
LKRLRRRYKFRHRRRQRYRRR,True,other
LLGFHTASGKKVKIAK,True,HeLa cells
LLHILRRSIRKQAHAIRK,True,CHO-K1 cells
LLHILRRSIRRQAHAIRR,True,CHO-K1 cells
LLIILARRIRKQAHAHSK,True,Human bowes melanoma cells
LLIILRARIRKQAHAHSK,True,Human bowes melanoma cells
LLIILRRAIRKQAHAHSK,True,Human bowes melanoma cells
LLIILRRRIARKQAHAHSK,True,Human bowes melanoma cells
LLIILRRRIRAQAHAHSK,True,Human bowes melanoma cells
LLIILRRRIRKAAHAHSK,True,Human bowes melanoma cells
LLIILRRRIRKQAHAASK,True,Human bowes melanoma cells
LLIILRRRIRKQAHAHSA,True,Human bowes melanoma cells
LLIILRRRIRKQAHAHSK,True,Human bowes melanoma cells
LLIILRRRIRKQAHAHSK,True,Human bowes melanoma cells
LLIILRRRIRKQAHAHSK,True,Human bowes melanoma cells
LLRARWRRRRSRRFR,True,HeLa cells
LLRILRRSIRRARRAIRR,True,CHO-K1 cells
LPNSNHIKQGL,True,other
LRRETFDLWKRLRR,True,HeLa cells
LRRETFDRWKRLRR,True,HeLa cells
LRSSVVRSRATLR,True,HeLa cells
LRSSVVRSRATLRGLRKRLRKFRNKIKEK,True,HeLa cells
LSQETFDLWKLLEN,True,HeLa cells
LSQETFRLWRRLRR,True,HeLa cells
LSRTRAAAPNSRIFTR,True,HeLa cells
LSRTRAAAPNSRIFTRGLRKRLRKFRNKIKEK,True,HeLa cells
LYRAGLYRAGLYKAGCG,True,other
LYRAGLYRAGLYKAGCGRRRRRRRRRR,True,other
MALGPCMLLLLLLLGLRLPGVWAPPRRRRRRRRR,True,other
MAPQRDTVGGRTTPPSWGPAKAQLRNSCA,True,HeLa cells
MCMPCFTTDHQMARRCDDCCGGRGRGKCYGPQCLCR,True,HeLa cells
MDCRWRWKCCKK,True,NIH-3T3 cells
MDCRWRWKCXKK,True,NIH-3T3 cells
MDCRWRWKXCKK,True,NIH-3T3 cells
MDCRWRWKXXKK,True,NIH-3T3 cells
MIASHLLAYFFTELNGKPILFF,True,other
MIILIIGSTSRDHMVLHEYVNAAGIT,True,HeLa cells
MIIYRDLISH,True,CHO cells
MLEPGEKPYKCPECGKSFSASAALVAHQRTHTGKKTS,True,other
MLILIIGSTSRDHVLHEYVNAAGIT,True,HeLa cells
MRQIKIWFQNRRMKWKK,True,other
MRRIRPRPPRLPRPRPRPLPFPRPGGCYPG,True,other
MRRRRRRR,True,other
MSGYGRKKRRQRRRGGGPGVGRKRLDRNGVGVPGVGVPGVGVPGVGVPGVGVPGVGVPGVGVPGVGVPGVGVPGVGVPGVGVPGVGVPGVGRKRLDRNGVGVPGVGVPGVGVPGVGVPGVGVPGVGVPGVGVPGVGVPGVGVPGVGVPGVGVPGVGVPGVGRKRLDRNGVGVPGVGVPGVGVPGVGVPGVGVPGVGVPGVGVPGVGVPGVGVPGVGVPGVGVPGVGVPGVGRKRLDRNGVGVPGVGVPGVGVPGVGVPGVGVPGVGVPG,True,MDA-MB-231 cells
MSGYGRKKRRQRRRGGGPGVGVPGVGVPGVGVPGFGVPGVGVPGVGVPGFGVPGVGVPGGGVPGGGVPGVGVPGAGVPGVGVPGGGVPVGVPGVGVPGVGVPGFGVPGVGVPGVGVPGFGVPGVGVPGGGVPGGGVPGVGVPGAGVPGVGVPGGGVPGWPC,True,MDA-MB-231 cells
MTYPRRRFRRRRHRPRS,True,other
MVRRFLVTLRIRRACGPPRVRV,True,MCF7 cells
MVTVLFRRLRIRRACGPPRVRV,True,other
MYSCNVCGKAFVLSRHLNRHLRVHRRAT,True,other
NQHSKNTLLIGP,True,other
NTCTWLKYH,True,U87 cells
NTGTWLKYHS,True,U87 cells
NTKRRLEGAKKA,True,HeLa cells
NYQRRCKNQN,True,A549 cells
NYRRRCKNQN,True,A549 cells
NYRWRCKN,True,A549 cells
PDDIKPRRIRKPRY,True,HeLa cells
PFVYLIPKKKRKVHHHHHHGC,True,HeLa cells
PLIKLRLDRGQF,True,HEK293 cells
PLILLRLLRGSTSRDHVLHEYVNAAGIT,True,HeLa cells
PLKPKKPKTQEKKKKQPPKPKKPKTQEKKKKQPPKPKR,True,HEK293 cells
PPPPPPPPPPPPPPP,True,other
PPPPPPPPPPPPPPPP,True,other
PRPLPFPRPG,True,other
QIKIWFQNRRMKWKK,True,HaCaT cells
QLALQLALQALQAALQLA,True,other
QNRRMKWKK,True,HaCaT cells
QQRKRKIWSILAPLGTTLVKLVAGIG,True,HEK293 cells
QQRKRKIWSKLAPDGTTLVKLVAGIG,True,HEK293 cells
QSQQTFNLWKLLQN,True,HeLa cells
RAGLQFPVGRLLRRL,True,other
RAIKIWFQNRRMKWKK,True,HaCaT cells
RAWMRWYSPTTRRYG,True,CHO cells
REDVYGRKKRRQRRRPKKKRKVHHHH,True,other
REDVYGRKKRRQRRRPKKKRKVHHHHHHHH,True,other
REDVYGRKKRRQRRRPKKKRKVHHHHHHHHHHHH,True,other
RGDGPRRRPRKRRGR,True,HeLa cells
RGDRRRRRRRRR,True,other
RGERPPRCRGDRGPDC,True,MDA-MB-231 cells
RGGRLSYSRRRFSTSTGRA,True,other
RGGRLSYSRRRFSTSTGRVPGVGGGGGGGAAAAAAAAGLPRHSAVMERLRRRIELCRRHHSTCEARYEAVSPERLELERQHTFALHQRCIQAKAKRAGKH,True,other
RGPRRQPRRHRRPRR,True,HeLa cells
RHRHRHRHR,True,MDA-MB-231 cells
RHVYHVLLSQ,True,U87 cells
RIKAERKRMRNRIAASKSRKRKLERIARGC,True,HeLa cells
RILSILRHQ,True,other
RKKRRQRR,True,other
RKLRRLLRRLKRL,True,HeLa cells
RKQKSLQTKLAENPPVPRKKRQSRPRWKQWLQK,True,HEK293 cells
RKRRESASSSSSVKKAKKP,True,HeLa cells
RLAMRWYSPTTRRYG,True,CHO cells
RLFMRFYSPTTRRYG,True,CHO cells
RLIMRIYSPTTRRYG,True,CHO cells
RLLRLLRLL,True,HeLa cells
RLLRLLRLX,True,HeLa cells
RLLRLXRLX,True,HeLa cells
RLVMRVYSPTTRRYG,True,CHO cells
RLWARWYSPTTRRYG,True,CHO cells
RLWHLLWRLWRRLHRLLR,True,CHO-K1 cells
RLWMRWASPTTRRYG,True,CHO cells
RLWMRWYAPTTRRYG,True,CHO cells
RLWMRWYSPATRRYG,True,CHO cells
RLWMRWYSPRTRAYGC,True,A549 cells
RLWMRWYSPTARRYG,True,CHO cells
RLWMRWYSPTTRRAG,True,CHO cells
RLWMRWYSPTTRRYA,True,CHO cells
RLWMRWYSPTTRRYG,True,CHO cells
RLWMRWYSPWTRRYG,True,CHO cells
RLXRLXRLX,True,HeLa cells
RLYMRYYSPTTRRYG,True,CHO cells
RQAKIWFQNRRMKWKK,True,HaCaT cells
RQIAIWFQNRRMKWKK,True,HaCaT cells
RQIKAWFQNRRMKWKK,True,HaCaT cells
RQIKIAFQNRRMKWKK,True,HaCaT cells
RQIKIWAQNRRMKWKK,True,HaCaT cells
RQIKIWFANRRMKWKK,True,HaCaT cells
RQIKIWFPNRRMKWKK,True,other
RQIKIWFQARRMKWKK,True,HaCaT cells
RQIKIWFQNARMKWKK,True,HaCaT cells
RQIKIWFQNRAMKWKK,True,HaCaT cells
RQIKIWFQNRRAKWKK,True,HaCaT cells
RQIKIWFQNRRMK,True,HaCaT cells
RQIKIWFQNRRMKAKK,True,HaCaT cells
RQIKIWFQNRRMKW,True,HaCaT cells
RQIKIWFQNRRMKWKKC,True,other
RQIKIWFQNRRMKWKKGG,True,other
RQIKIWFQNRRMKWKKK,True,other
RQIKIWFQNRRMKWKKTYADFIASGRTGRRNAI,True,CHO-K1 cells
RQIRIWFQNRRMRWRR,True,other
RQIRIWFQNRRMRWRRC,True,other
RQPKIWFPNRRKPWKK,True,other
RRARRPRRLRPAPGR,True,HeLa cells
RRGRRG,True,other
RRHRHRHRHR,True,MDA-MB-231 cells
RRIRPRPPRLPRPRP,True,other
RRMKWKK,True,HeLa cells
RRPPWLRLDIRR,True,other
RRR,True,other
RRRHRHRHRHR,True,MDA-MB-231 cells
RRRPPWLRLDIRRK,True,other
RRRQKRIVVRRRLIR,True,HeLa cells
RRRQRRKKR,True,other
RRRRHRHRHRHR,True,MDA-MB-231 cells
RRRRNRTRRNRRRVRGC,True,CHO-K1 cells
RRRRRHRHRHRHR,True,MDA-MB-231 cells
RRRRRR,True,other
RRRRRRHHHH,True,other
RRRRRRLRVG,True,other
RRRRRRR,True,other
RRRRRRREEEEEEE,True,MDA-MB-231 cells
RRRRRRRRC,True,other
RRRRRRRRNLC,True,A549 cells
RRRRRRRRRC,True,other
RRRRRRRRRGGGGGGGGGG,True,A549 cells
RRRRRRRRRRR,True,CHO-K1 cells
RRRRRWWWRRRR,True,A549 cells
RRWPRXILDXHVRRVWR,True,HeLa cells
RRWQW,True,A549 cells
RRWQWRMKK,True,A549 cells
RRWRRWNRFNRRRCR,True,HeLa cells
RRWWRRWRR,True,MDA-MB-231 cells
RRWWWWRR,True,MCF7 cells
RSQRRFRLWRLLEN,True,HeLa cells
RVRVFVVHIPRLT,True,MCF7 cells
RWQWR,True,A549 cells
RWRRWRRWRRWR,True,CHO-K1 cells
RWRWKCCKK,True,NIH-3T3 cells
RWRWKXCKK,True,NIH-3T3 cells
RWRWKXXKK,True,NIH-3T3 cells
RWRWRW,True,A549 cells
RWRWRWRWRW,True,A549 cells
RWRWRWRWRWKRWRWRWRWRW,True,other
RWRWRWRWRWRW,True,A549 cells
RXRRBRRXRYQFLIRXRBRXRB,True,other
RXRRXRRXRRXR,True,CHO-K1 cells
RADPAYQARFLGKRKFICL,True,HeLa cells
SEEIITPVYCTGVSAQVQKGLRKRLRKFRNKIKEK,True,HeLa cells
SGASDDEEIAR,True,HeLa cells
SRRRRRRRRR,True,A549 cells
SRWRWKCCKK,True,NIH-3T3 cells
TCTWLKYHS,True,U87 cells
TKRRITPKDVIDVRSVTTKINT,True,HeLa cells
TKRRITPKKVIDVRSVTTEINT,True,HeLa cells
TLPNSNHIKQGL,True,other
TPPTSAKKRKL,True,HeLa cells
TQKEKKAARARSK,True,HeLa cells
TRQARRNRRRRWRERQRGC,True,other
TRSSRAGLQWPVGRVHRLLRKGGC,True,HeLa cells
TSPLNIHNGQKL,True,other
TVDNPASTTNKDKLFAVRK,True,HEK293 cells
VAAKKRKKDML,True,HeLa cells
VKLPPPVKLPPPVKLPPP,True,HeLa cells
VLERAKRRAV,True,HeLa cells
VLIKCRLFIKRK,True,HeLa cells
VPALK,True,other
VPALR,True,other
VPMLK,True,other
VPTLE,True,other
VPTLK,True,HeLa cells
VPTLQ,True,other
VQLRRRWC,True,U87 cells
VQRKRQKLMPGLRKRLRKFRNK,True,HeLa cells
VRRFLVTLRIRRA,True,MCF7 cells
VSALK,True,other
VSRRRRRRGGRRRR,True,other
VSRRRRRRGGRRRRC,True,other
VSRRRRRRGGRRRRGGGSYARVRRRGPRRGYARVRRRGPRR,True,other
VTPHHVLVDEYTGEWVDSQFK,True,other
WEAHLAHALAHALARHLARALARALRACEA,True,HeLa cells
WEAHLAHALARALARHLARALARALRACEA,True,HeLa cells
WEARLARALARALARHLAHALAHALHACEA,True,HeLa cells
WEARLARALARALARHLARALAHALHACEA,True,HeLa cells
WEARLARALARALARHLARALARA,True,other
WEARLARALARALARHLARALARALRACEA,True,A549 cells
WFQNRRMKWKK,True,HaCaT cells
WRWRWRWRW,True,other
WWKKKKWW,True,MCF7 cells
WWWKKKKWWW,True,MCF7 cells
XFXR,True,MDA-MB-231 cells
XFXRXFXR,True,MDA-MB-231 cells
XFXRXFXRXFXR,True,MDA-MB-231 cells
XRRRRRRRR,True,HeLa cells
XRXR,True,MDA-MB-231 cells
XRXRXRXR,True,MDA-MB-231 cells
XRXRXRXRXRXR,True,MDA-MB-231 cells
XWXW,True,MDA-MB-231 cells
XWXWXWXW,True,MDA-MB-231 cells
XWXWXWXWXWXW,True,MDA-MB-231 cells
YARVRRRGPRR,True,HeLa cells
YGDCLPHLKLCKENKDCCSKKCKRRGTNIEKRCR,True,other
YGGGKGGQGGGPPQG,True,HeLa cells
YGRGGRRGRRR,True,HeLa cells
YGRKERRQKRR,True,HeLa cells
YGRKKRPQRRR,True,other
YGRKKRRQRRR,True,HeLa cells
YGRKKRRQRRRC,True,other
YGRKKRRQRRRGTALDWSWLQTE,True,MCF7 cells
YGRKKRRQRRRK,True,HeLa cells
YGRKKRRQRRRKLSSIESDV,True,other
YGRKKRRQRRRN,True,other
YGRKKRRQRRRPPQG,True,HeLa cells
YKQCHKKGGHCFPKEKICLPPSSDFGKMDCRWRWKCCKKGSG,True,other
YKQCHKKGGKKGSGGLRKRLRKFRNK,True,HeLa cells
YLKFIPLKDAIWKIK,True,HeLa cells
YQKQAKIMCS,True,U87 cells
YSSYSAPVSSSLSVRRSYSSSSGS,True,other
CKKKKKKKKK,True,other
CRKKRRQRRR,True,other
CRRRRRRRRR,True,other
CRWRWKCCKK,True,NIH-3T3 cells
GRCTKSIPPICFPD,True,HeLa cells
INLKALAALAKKIL,True,other
KRKFICL,True,MDA-MB-231 cells
KRKIFCL,True,MDA-MB-231 cells
KCCKWRWRCK,True,NIH-3T3 cells
KKK,True,other
LIKKALAALAKLNI,True,other
LLIILRRRIRKQAHAHSK,True,Human bowes melanoma cells
RRRGRKKRR,True,HeLa cells
RXRRXRRXRRXR,True,CHO-K1 cells
RGGRLSYSRRRFSTSTGR,True,other
RQIKIWFQNRRMKWKK,True,other
RRRQRRKKR,True,NIH-3T3 cells
RRRRR,True,other
RRRRRR,True,other
RRRRRRR,True,other
RRRRRRRRR,True,other
